PRODUCT_ID,PRODUCT_NAME,BARCODE,DATE_TIME,QUANTITY,TEMPERATURE
45,6Q306E,3VYG8F,"2020-08-30 11:55:13",19,55
37,6B4UEE,YI045Y,"2018-03-13 12:51:06",20,19
25,9H78T0,P87LSW,"2020-07-25 19:08:54",66,38
17,299LEO,GWW2MF,"2018-01-24 10:50:02",22,35
14,SEF2CJ,T2PN26,"2020-06-03 04:57:50",37,45
45,R7SZZ9,1NXLFR,"2020-03-07 06:51:06",10,35
20,XV6UBP,1HHU5I,"2019-05-11 09:37:54",59,26
22,0E305F,KT1AKB,"2020-06-10 06:36:04",42,32
25,1IK6HO,MAYNB7,"2018-02-02 05:13:50",79,47
17,ZOBT55,9PTAR6,"2019-01-09 15:12:47",44,20
50,K2F7KG,S4E1LM,"2020-08-16 03:53:07",100,1
11,M71MPN,KDFFOY,"2018-05-19 14:25:45",32,96
48,WTU15Y,OSGY5Y,"2018-06-12 22:47:26",49,49
5,2OFNEW,56FDMD,"2018-10-10 12:08:42",34,90
16,58XVIE,IBTWX1,"2018-10-29 15:01:52",40,83
18,G4FG9O,9IMX15,"2020-08-11 06:19:15",59,15
8,P5KK2F,B5US2I,"2020-12-06 03:44:25",87,90
15,R8553S,2KNJE1,"2019-04-07 23:15:44",31,85
9,6CBKLH,MKKYG9,"2018-05-17 10:54:20",89,70
36,XRVU04,JXRONM,"2018-10-05 11:58:42",6,91
14,EJ35XL,C41QMA,"2020-08-19 08:49:44",90,51
36,95AO9Q,FRNDWD,"2020-05-16 22:40:43",67,44
30,OYTRBO,R51NR3,"2018-10-28 02:15:19",34,49
17,F4NVKF,APPYA9,"2019-12-22 22:32:05",69,56
24,X3A3N8,OR8M9Z,"2020-06-01 10:45:04",62,15
44,2YCT4Z,ZBB7X5,"2018-06-20 10:52:24",69,17
40,XOCP6L,F4LCZW,"2018-10-09 20:28:43",6,21
35,F6TLD0,NKJBBU,"2019-10-09 21:43:06",44,38
1,3Y6OQN,ZBRDHE,"2020-09-08 10:57:15",40,94
15,3CNMAU,2NU56X,"2018-04-14 03:45:55",3,50
1,UO9M3P,21GZRW,"2018-08-09 06:44:29",81,22
2,N4XWH1,9H3HJ4,"2018-03-24 15:38:10",67,23
25,M9RS08,GBDEIL,"2018-04-23 10:11:52",40,72
41,66LEJR,17N9TC,"2021-01-07 05:10:33",23,86
37,X6ZVWZ,RSAKOL,"2018-02-01 19:06:12",59,53
5,LAFPRV,J894VU,"2020-06-19 00:16:17",86,43
28,Z77E7J,A9S8PM,"2019-01-07 07:55:42",39,37
39,FHZIIO,U24C19,"2020-09-12 02:30:53",39,27
4,Q15Z0I,0JM34O,"2019-07-28 04:31:32",18,88
48,MB85FJ,R34EZ1,"2020-11-11 16:07:14",58,37
6,NZG7UK,HO9PBT,"2018-03-13 05:18:19",93,8
14,WGGHR9,KMMC5W,"2021-01-02 22:47:00",74,15
42,HOLMG8,7MIFCF,"2018-09-05 00:45:58",31,61
36,VD3MTC,D7L31I,"2020-06-22 10:12:29",86,38
50,I6WF35,1PIQ7B,"2018-05-10 01:11:53",35,56
38,NYNISP,EAQ6X7,"2019-05-28 14:49:50",50,86
31,YAYH25,F1I42E,"2019-10-08 06:18:45",8,63
47,S1SLTM,ZW7STP,"2019-10-31 19:42:05",69,43
41,O0PCQ1,OQTAOS,"2018-10-26 21:58:20",69,22
7,G121ER,BX1LGX,"2019-08-09 02:08:46",15,78
9,BYKPLX,60TS3A,"2018-12-14 17:54:57",97,38
36,BWV6GA,ZYS5AH,"2018-09-22 16:09:19",51,10
30,I1ZW48,OPEHB6,"2018-09-12 02:44:05",42,73
28,OSTYCK,X26N89,"2019-01-06 00:18:17",5,35
17,U3QJYT,BBNY8O,"2018-02-13 21:53:55",52,67
28,RYO7C5,3XXKJM,"2020-12-06 04:33:17",43,80
25,S37TVE,RBKU0M,"2020-11-21 13:32:02",8,96
44,77K5H9,V04PPP,"2019-08-18 00:55:34",13,42
17,QVYAKB,85LTMX,"2018-07-21 20:02:32",40,53
43,UZ2QZA,W1Z249,"2020-10-18 23:13:21",67,73
40,PH1Z8A,80YJFE,"2020-08-03 12:02:39",7,22
23,BJBFAR,QEMO4Q,"2018-02-23 10:30:57",40,72
20,IOVSGR,0IHFN0,"2018-09-10 10:32:29",94,3
15,H0BN1J,U67LAU,"2019-09-29 03:43:19",60,31
17,UOF3V5,HKJJ2W,"2018-11-13 02:53:15",84,93
25,MAUKQQ,YMV72T,"2019-07-09 09:18:07",66,5
49,TTI5J7,SETXPH,"2020-03-26 00:58:34",6,84
49,914XDG,GGG7F2,"2018-07-18 18:27:31",8,100
40,QYQN8A,UHUZCI,"2019-02-17 17:06:32",43,70
12,XMMIGD,4CLWJF,"2019-01-10 01:51:31",63,2
10,Q90CH9,ZYYEF4,"2019-11-17 00:01:32",98,2
31,F7GUK6,BF126Y,"2019-02-20 14:39:30",99,10
26,4NJ8SY,8YUU56,"2020-08-04 19:15:34",74,77
6,8ACJI1,6M7LAA,"2020-07-27 12:20:33",100,16
26,GVFPXN,PB9VTA,"2019-03-31 23:01:36",81,52
44,D9XL94,ML9G8C,"2019-04-21 10:39:45",60,41
21,MRY9VQ,SBDZHK,"2018-04-19 23:57:36",43,80
41,PR7ZIC,61CKH7,"2020-09-26 17:58:48",96,4
12,1ARIRD,TW9HMQ,"2019-08-26 15:54:16",72,75
26,FP4TP0,MUSYU6,"2020-10-27 00:38:10",15,71
25,TALPBI,XXAB72,"2019-01-14 04:31:22",6,33
48,L1KKL0,S9Q6RW,"2018-11-29 11:13:09",36,7
48,TTLCR3,N05YWR,"2020-12-11 01:49:37",15,76
22,2GNH0L,6GJ5HW,"2020-04-10 11:21:21",67,22
36,1P1CKU,194KPA,"2018-08-27 14:51:48",56,69
49,W8QADN,XCOHS4,"2020-08-03 03:30:03",54,2
28,W3FXG6,JT8ELM,"2019-11-16 14:19:46",77,49
22,4W1WRV,0PAO7G,"2019-07-23 01:14:22",71,48
42,IGA4E2,16C3Q3,"2018-08-24 16:53:19",78,25
1,5LKLN5,R3ZX30,"2018-07-31 09:13:22",95,48
11,ZRIVLQ,ZL5IOT,"2019-08-11 13:46:14",70,21
28,SY9T0A,1O97UB,"2020-03-07 06:52:24",29,63
48,HOG4ND,PKGOVR,"2020-09-01 11:19:27",25,48
30,MN5NA3,ZB6SPB,"2019-09-26 06:40:56",2,25
13,CKTALY,KXG43A,"2018-06-22 00:05:43",49,42
11,WMSSHT,UDM4CX,"2018-07-15 04:30:23",19,31
1,ATUWGI,MNX72A,"2020-10-26 10:12:23",25,48
24,KU14YO,4E6E1Y,"2020-03-06 03:05:46",100,83
36,GV4TEH,PRUK41,"2018-11-12 10:33:45",80,54
22,AYBP5S,J7OVVM,"2020-08-25 19:09:56",53,83
36,3HHOWD,0YAYH2,"2020-03-02 06:11:54",29,21
48,3R9FN6,RZKO1E,"2019-08-19 19:42:01",85,4
28,QAVPOQ,5PLFUT,"2019-08-25 08:06:50",76,28
13,W1NA3T,V0TQF2,"2020-11-11 06:23:01",4,19
29,8OW6PQ,ZUC2FL,"2019-02-20 22:07:30",97,50
30,VTL3O1,4WMH4Q,"2020-10-19 05:44:48",52,48
29,7OXMF2,Z3ALTD,"2018-03-24 03:23:49",47,8
9,HZWAS0,SGQQDP,"2019-08-29 08:36:06",1,7
41,A8II67,O53937,"2019-03-23 23:24:36",18,65
48,2QF4D0,78N0AO,"2018-01-31 14:16:30",34,9
37,S2PCR8,5EKLVK,"2020-02-25 20:04:53",19,90
36,8F65IC,7IBJ5H,"2020-01-01 00:37:07",13,17
42,KAGW0E,VXIFUB,"2020-08-09 02:52:43",9,4
13,66WJSW,LCIFTF,"2019-05-09 05:20:35",97,27
31,OCB1X0,WIPXPG,"2018-04-27 16:14:46",89,54
34,DXPKIG,LBJRED,"2018-01-25 13:45:40",37,41
14,K6XS1I,3IFYLA,"2020-07-09 04:28:02",83,10
37,S17G2M,ZQJ7TB,"2019-10-21 18:01:03",73,93
43,7UVJ8B,PEL58J,"2020-02-04 11:09:33",97,69
46,VAEVL3,FMUMHY,"2018-08-04 16:08:23",63,35
31,OVA1UB,BIY8T4,"2018-08-06 03:04:57",87,2
6,3CGLXJ,APP2NS,"2018-07-22 19:43:17",41,13
25,NK84L8,HMFJFW,"2018-10-08 08:56:54",26,72
43,TPSEMT,PMPA1D,"2020-02-06 10:12:31",12,85
20,8BQPAI,H2OS9F,"2018-08-07 11:45:15",39,92
35,MOE4QG,FPL3MT,"2020-05-03 08:35:40",2,86
45,JU0MZM,5MFVQS,"2019-08-10 12:52:54",44,64
43,SOZBQS,VY9V21,"2021-01-12 00:38:11",16,30
35,4JNF4W,5NXS7J,"2018-12-25 12:54:18",25,4
46,NJZVC9,ZJEM93,"2018-11-16 12:38:07",34,95
12,J0U7IH,9JZETR,"2018-11-23 04:43:31",89,92
12,Y2AHZQ,1VNA8X,"2021-01-20 17:04:29",61,73
7,NV3OI2,NLL3TN,"2018-04-23 05:13:27",58,70
4,5K1CSD,X1LPQQ,"2018-03-22 02:09:49",8,9
49,UWQP99,N9W1KU,"2019-11-25 03:32:18",34,40
18,65YDGQ,T1D2ML,"2018-04-26 09:52:56",64,66
26,4JOLHI,K05HA7,"2019-09-25 10:05:07",11,67
9,K3Y6OR,XGRLH9,"2019-04-22 20:04:59",16,91
14,Q24FUH,OXAKS7,"2020-01-13 20:42:39",47,78
38,4UN2W4,NFT94B,"2019-07-31 13:51:54",83,27
9,GCWIPN,33UQDY,"2020-03-21 16:10:03",53,66
13,MUYYSX,MMYVEJ,"2018-07-25 06:30:49",51,59
35,64RGG9,IBLEYK,"2020-05-31 07:35:09",87,79
28,8O4KDL,MT7NR0,"2020-10-07 15:39:51",2,85
27,NVZYXK,ZYCWXG,"2018-10-20 02:52:15",83,88
39,FROZSY,LV1KL4,"2020-01-20 10:42:30",27,33
8,VPAB28,YS9IU3,"2018-12-28 00:47:58",20,68
46,P2XRH0,5Q4V44,"2019-03-22 15:00:33",65,71
33,REYNDE,H1EUXX,"2020-05-20 21:48:10",12,3
34,1BXWJA,JW3WUL,"2018-04-30 19:45:58",79,8
47,2Q2P2Y,5IQJRZ,"2018-11-24 12:35:32",13,13
25,RS95GK,V9OY1I,"2020-07-07 19:52:29",26,75
40,WLKJLR,QB23HH,"2018-11-23 05:33:02",29,78
46,UJEP4G,Q7SFZY,"2018-02-23 11:27:43",44,81
29,K3CO1H,YPVRPN,"2019-09-25 07:59:02",91,76
39,VH2IKI,IEC71Z,"2020-04-21 05:47:18",10,50
5,909H8L,5B2WO6,"2019-06-22 03:01:43",11,15
22,3XBARE,58ATOZ,"2018-03-01 10:31:18",7,72
30,0CLXJX,RKG8BJ,"2020-04-26 00:01:05",37,86
33,S49E1E,1YLA8A,"2019-03-01 08:55:37",94,11
16,1U80LJ,X3N27N,"2018-02-05 05:43:47",79,34
28,GWOB93,NKPXNM,"2019-09-29 21:40:26",89,23
20,RSUQJT,D6AU7H,"2020-08-06 05:57:32",48,8
1,S9BA38,RFYW9M,"2019-10-13 22:54:13",13,69
37,10OACC,V8B6DL,"2021-01-14 01:13:10",18,13
10,NV8NPY,PL53B7,"2020-12-30 14:57:19",72,13
33,0WEQ0V,X5UYV0,"2019-07-21 07:38:48",94,89
5,MV8O3Z,J36KZZ,"2020-08-04 19:44:10",8,18
29,ZXEW28,9KXHCN,"2018-09-02 08:13:45",13,48
47,HT9MHN,1F3NSP,"2019-07-15 10:04:29",90,17
28,AZYKTJ,X0LRCP,"2019-05-07 05:17:32",49,16
16,AYN0R6,S98XOF,"2018-07-15 03:31:56",89,85
4,34AAMG,VLLBSL,"2021-01-05 21:35:51",88,72
17,HAA1HP,CQH3VO,"2020-12-14 05:46:55",40,3
44,XOWU32,SDHTUA,"2020-07-13 06:42:04",94,67
1,BLN9CO,S40KYZ,"2019-06-13 02:45:25",56,38
27,TFHGGH,6FL29P,"2019-07-02 08:15:29",83,64
12,8F1AQ0,3ERNM7,"2019-09-05 10:55:01",53,79
41,TBTBR6,PZ9LV9,"2020-06-07 07:41:46",84,40
6,WST4JW,1Q6F74,"2019-09-21 23:23:17",66,82
40,JMPBT0,AR8WQ8,"2018-02-12 11:17:17",62,34
28,CI6H1K,8KLX5S,"2019-11-17 03:34:16",32,9
34,PGU97V,HHC765,"2019-01-11 04:40:23",9,48
40,FZYWZF,743VXN,"2019-11-30 20:20:42",29,22
43,NFAY5M,0UOTN2,"2019-12-09 02:22:19",80,85
39,756PJ9,AUJ0OE,"2019-09-04 12:16:25",62,29
23,2NCU6Y,N78WH5,"2018-03-26 18:36:50",12,96
39,PMMZFG,KH7X37,"2018-04-10 23:35:08",69,97
41,2DR95A,P2UNSQ,"2019-07-10 10:47:35",85,35
8,D3P9ZT,SV81DU,"2020-06-23 05:27:33",90,4
8,ZEPS6B,K0RFEL,"2020-01-24 10:20:54",2,87
47,M7R2HS,ISGLC0,"2018-08-31 13:21:07",27,38
28,LMWE7B,AVMQ59,"2018-02-01 03:58:25",83,46
7,SOA9FI,PPLXPY,"2020-05-18 14:31:26",53,71
46,JHNZI2,C3OJ25,"2018-10-30 10:37:22",98,29
44,CIFXZX,A4XVGQ,"2020-02-27 11:58:02",66,50
35,779L24,P0YVP0,"2020-04-01 22:22:11",8,79
12,I7OKBK,292I44,"2019-05-16 01:08:36",66,82
24,RH08CW,RO3KVL,"2019-06-09 22:17:43",87,24
5,YRQTHS,LNXND4,"2018-08-11 04:27:21",14,35
50,73E7D0,R8WCKS,"2020-03-25 19:42:29",94,93
20,9K3RIR,ZYJ6RN,"2020-03-14 13:55:25",40,35
39,X0NR7B,AWHFUA,"2019-06-19 04:12:34",58,100
22,G9VRRB,D48QAK,"2018-02-14 13:15:45",2,49
50,2XH99N,CGRIEF,"2020-11-06 09:45:08",52,35
3,0MDCPB,EEYE5Y,"2018-03-02 04:57:51",84,15
27,ODPJRG,83QE43,"2020-07-01 00:19:29",89,7
30,ZZXLF4,X2C7S7,"2020-12-27 19:18:18",62,87
27,TESFRB,M4XPY6,"2020-09-28 08:44:06",95,41
12,ECA3CC,CG3AJN,"2020-10-25 01:46:18",51,98
35,I2ZV3K,GY2S01,"2020-03-05 07:17:24",39,35
25,GKRSRX,1A3OSM,"2020-05-03 23:52:20",7,12
1,X2BE0B,HH5RYD,"2019-08-21 14:07:49",49,43
33,PTAJDB,H7E9EY,"2019-04-08 23:57:46",27,83
20,5A25EK,7XPPBD,"2018-11-17 01:40:42",24,91
49,QE5VZY,6VE1EN,"2018-05-03 22:17:36",78,75
14,C25V1N,CSBPY5,"2020-03-25 11:50:07",15,46
14,A6IV16,BB8HUV,"2019-02-13 15:49:42",49,59
33,YCACE8,MYWUIL,"2019-04-16 12:41:07",93,15
11,VAYNLC,N5UTS2,"2018-11-20 02:30:16",48,16
30,MQWYQX,8HY98D,"2018-02-11 01:48:30",84,66
3,D8KRTD,SSNY0H,"2020-12-04 11:10:28",53,76
29,909ITM,POHN18,"2020-06-02 01:19:46",93,7
34,WHXEMD,76R0R7,"2020-12-08 14:18:25",92,98
35,I2VBKN,YK8LXP,"2020-03-24 09:00:09",90,99
22,MTJV0W,955JOR,"2018-05-13 01:54:04",28,26
15,DT9TZ3,7JQ6QB,"2020-01-30 19:08:09",50,74
40,TILO1K,KLFDSK,"2020-01-03 10:13:06",18,41
3,LPRQ4J,JYGTUC,"2020-01-20 10:15:46",22,12
28,HVQZWM,IMS2EP,"2019-06-13 13:14:40",97,91
47,YRVW65,90JLD3,"2021-01-21 18:45:04",8,48
20,OK1GDR,7ZONE4,"2020-11-22 11:08:16",8,26
41,V77897,5QX5IY,"2018-02-15 17:20:08",23,66
10,FM8ZSI,3PODNZ,"2019-05-12 14:00:23",54,84
48,85XDIK,JIMGNB,"2018-11-30 06:49:06",23,64
12,DXYLQU,13LXK1,"2019-01-04 09:19:04",33,70
2,F2J33B,U5GPN2,"2019-03-03 08:22:40",60,79
12,2UXQMO,RUCDPH,"2019-11-15 12:24:21",28,15
46,TA9T05,EH6UZB,"2019-04-12 17:26:45",77,82
18,XREZDB,ORNGL2,"2021-01-04 17:49:21",35,29
45,LIXSCM,DVKQDF,"2020-05-22 01:18:24",39,90
12,69PUOV,NMUKXW,"2020-08-18 05:30:10",58,58
32,PAJCID,VRQ7NK,"2019-10-17 00:27:09",11,44
41,81PURM,0IOV60,"2019-07-09 11:28:24",40,16
30,A0TCRW,SXST58,"2018-07-18 09:05:22",16,90
29,W0PM93,JK6OVF,"2020-05-27 08:46:18",96,66
32,69HBJK,5A23FO,"2020-03-17 07:35:04",52,69
31,AOW7N8,BNQQ42,"2018-08-14 04:38:09",36,21
17,BK18K6,790M3M,"2019-07-07 08:30:18",81,50
13,D8KE5X,4LXSAQ,"2018-10-29 19:18:37",84,34
3,GNH3IF,LXD0A4,"2020-04-16 02:49:12",32,27
32,EINZCE,944MVV,"2019-06-23 16:04:32",38,58
16,RY7ZLI,BVY1C3,"2019-02-08 11:32:10",60,13
19,F9CULG,CMTPSY,"2018-04-28 04:27:46",93,43
6,ESG3PJ,2JRV16,"2019-08-22 18:09:27",57,27
1,CXJ36Y,0B6QGS,"2018-12-19 18:06:01",65,97
1,GR205B,IVZXLA,"2019-05-24 21:05:26",82,55
13,8HQJFG,RYBWL7,"2020-11-13 18:56:23",29,99
33,4NMHZ7,TB2MHX,"2018-10-20 04:20:49",40,51
20,JTYN9T,3BOZV9,"2020-04-10 17:17:07",19,63
30,ANZ9JZ,B1ZLJU,"2018-06-28 07:21:10",62,18
49,EXILCN,4L77QS,"2018-04-28 03:51:57",11,19
14,ELYIXV,AV047G,"2019-06-21 05:32:16",87,93
35,E2BUJ8,GZKN59,"2019-01-12 14:15:25",60,76
34,R3GMXE,E2EOOE,"2020-02-15 19:09:52",58,3
47,05FXJO,EJ7F44,"2020-07-13 09:35:03",4,45
9,IUM3XG,36KFZ8,"2019-07-01 06:10:50",99,50
2,YNJDWF,F4FYG9,"2020-04-22 01:22:14",1,75
45,QA6369,4VW6R0,"2019-10-15 14:38:14",18,81
40,TJV17U,21QSZZ,"2019-07-18 12:52:11",18,54
50,SQGYEN,XMXOXW,"2020-12-04 00:57:41",26,54
13,MNPIA7,H9PD34,"2019-06-17 12:45:47",34,42
41,UVO8GO,PEXZDZ,"2018-10-05 23:39:59",74,19
49,UAKHB6,VHG9T0,"2018-10-16 15:13:37",93,43
22,ZT99HU,OBL58R,"2018-10-14 15:21:29",82,26
26,AV3XI8,ZHNI1K,"2019-02-12 22:03:13",72,77
43,I5IU1Y,DGPE9A,"2018-12-07 00:38:47",87,93
44,PV4F2R,Z7EB4R,"2018-08-15 12:32:03",63,44
20,NSG5FR,PO2VQ6,"2020-11-06 05:29:23",60,9
5,D2YAD7,CJD8VQ,"2021-01-22 21:35:03",59,54
6,V2LCOE,FPB5EF,"2018-09-04 17:46:47",90,82
32,9XBW1O,ATODWD,"2020-01-23 21:29:01",4,25
11,BFO1LJ,0IL0Q6,"2020-07-19 03:33:14",18,7
50,BH20W5,LHO8QQ,"2019-06-03 19:53:19",45,48
36,UOG4FS,DUNPBP,"2019-07-01 06:21:39",61,33
16,6SQBLV,TAGZH7,"2020-12-04 09:09:38",29,36
44,DB0SVF,43W06E,"2019-12-07 21:24:38",19,84
47,FEL5JD,ZA4TOA,"2018-03-13 21:37:31",96,57
10,PPI03F,A9JKVQ,"2020-05-23 15:32:04",43,9
16,9FYQR7,1QK1UA,"2019-08-10 09:23:37",69,2
14,VX898K,UMFI6P,"2018-08-15 04:54:27",91,73
23,JAM6EY,D9WZBT,"2020-05-09 11:30:10",2,54
35,KN4K6F,O84NVZ,"2020-01-29 14:19:51",45,10
11,JCCMEC,QYOTL2,"2020-12-12 05:03:36",16,86
5,38LR5G,X4QNSU,"2018-03-18 05:31:50",76,17
10,KXSN8L,55DS27,"2018-06-24 07:18:23",2,24
31,U1LVWB,3CYYCN,"2019-02-15 12:14:48",58,87
49,QJMXQO,D4MAOH,"2018-08-30 00:00:47",25,69
44,LJW3X8,DRY7RE,"2019-03-08 10:24:05",86,94
43,QFQDBC,4GORED,"2019-03-16 14:53:34",18,31
47,ZSJFPQ,QRMOKT,"2018-12-16 04:13:36",96,2
45,DCRIN0,F8U3IR,"2020-06-19 00:29:23",50,73
5,9ZIU0U,35HVSP,"2019-02-05 09:17:37",66,66
50,X946D7,MWU0I8,"2018-02-06 22:34:28",34,30
46,HW9NKG,1AGEAI,"2020-05-08 20:59:00",48,84
41,D60ANK,XXRWL2,"2018-09-29 01:11:43",32,26
11,P99D7Y,AOFAQS,"2019-09-27 16:08:30",76,76
40,F5W72M,J6R1ET,"2019-08-11 13:38:38",72,13
23,3U4IO1,1PZN40,"2019-06-05 00:41:27",15,28
39,GZH5T1,WUMY0Z,"2020-06-28 17:07:45",13,79
38,U9AKEM,5TNKAV,"2020-05-27 04:54:42",66,38
36,FEX3JG,TLW5DF,"2019-04-14 17:16:23",83,66
42,GYE2Y4,6EFDJW,"2019-02-07 04:48:19",21,15
12,DUJX3S,9RIZX7,"2018-02-28 20:31:37",29,30
37,DVOMQS,QAEC1A,"2020-10-22 04:22:18",6,90
24,P1HTZC,KHTO37,"2019-01-03 14:15:08",10,100
45,CTZV18,56AOTV,"2018-12-22 00:21:20",57,28
46,J2FH8X,M5LN5E,"2019-06-08 12:34:08",1,38
19,F7GTAM,DXVW72,"2019-11-14 09:49:59",93,5
36,DZ2W6F,N4S8RH,"2020-06-16 17:22:22",63,97
24,S7ORT5,M50OOO,"2019-02-25 00:53:06",21,44
12,YSYI3V,UOOZQ3,"2019-03-25 19:36:40",83,59
10,L7U3Z0,CMQPQI,"2018-12-03 08:42:40",23,63
2,Z176F8,9ZAIZS,"2019-10-03 06:54:22",6,18
42,Y0E5U8,OW1OMX,"2018-06-18 11:05:10",22,86
2,ZH0ZGE,O1BIE7,"2019-01-05 05:57:06",11,81
35,JOLKCH,RPZSCL,"2018-09-07 02:39:22",11,9
34,RVVR8V,GEFAN8,"2020-01-06 02:53:03",76,41
2,MZAV8I,JIHZ8C,"2018-05-02 17:41:55",1,33
1,VXOYTO,SS7VPF,"2018-02-13 00:30:42",78,97
1,9ETUJH,N3FEOG,"2020-02-18 13:27:21",41,100
43,WWY046,I4YJIH,"2019-07-26 14:52:45",10,90
24,MQHHSE,PORVRC,"2020-08-04 08:51:14",42,5
42,BP56YJ,60X0TJ,"2020-05-22 09:24:35",7,65
36,D86UK4,70VQFK,"2019-02-22 18:14:05",12,13
11,WHAN7D,M2LKAI,"2019-02-01 06:24:25",47,6
50,74IAIO,MRCOCT,"2020-02-26 13:28:11",50,89
12,A9MKG2,P49KGV,"2020-07-16 16:56:52",93,5
43,GJ7OUJ,22MM02,"2018-05-07 14:33:09",31,92
16,ABFN7Z,KMLQTN,"2019-12-09 17:20:53",38,7
43,8HJGDQ,7L6NIY,"2019-08-11 18:48:43",10,73
23,YX5H5M,FAEPD1,"2019-03-09 10:58:46",35,92
2,4NFZJB,N09BGO,"2018-11-09 09:12:10",97,72
41,0FYY8D,58O9XR,"2020-03-15 09:01:37",92,40
43,ABXI26,0IPXLP,"2019-03-17 19:10:35",51,32
41,9O9WLY,9JOEIC,"2020-11-10 00:36:02",68,21
19,9A7O0J,7FXSLO,"2020-11-07 21:01:13",53,32
37,F9WA82,SAGOTY,"2019-02-08 00:00:20",39,52
48,P8YKSO,K4CHB3,"2019-08-05 10:19:38",57,39
9,WJSYFF,OK89XG,"2019-06-13 04:18:44",18,66
24,WY05ND,4H88OX,"2020-05-08 12:22:19",41,68
29,TWZO5L,EJC44O,"2019-06-14 07:45:36",91,25
28,671AK4,VJ1M3B,"2019-04-03 03:49:36",19,96
17,R42LGS,PKRO8A,"2018-02-27 01:13:18",36,24
8,4047PC,L3KKCV,"2019-01-23 19:39:37",86,24
8,6YR8JE,3H53ED,"2019-10-06 05:50:30",46,36
29,H8PQKW,WO7GME,"2019-10-11 15:24:22",29,93
15,OK8P10,ZPSKKA,"2018-05-20 10:09:05",88,72
30,TYECQI,046GXF,"2018-03-21 03:08:32",4,87
1,CPELS8,SC3Q1D,"2019-06-19 21:26:08",75,9
44,ROQ6ZE,PUOMMA,"2020-01-17 06:42:10",41,46
29,18541V,NYCAAS,"2020-02-25 16:12:33",16,58
19,IW26LU,ACKEKU,"2018-10-16 14:57:27",93,85
17,WN6N4Y,Z99H9Q,"2019-04-09 06:25:46",36,14
3,G1YE9C,RC8PKK,"2019-10-08 12:48:30",100,75
19,N0RI5P,4LQH06,"2018-12-22 09:47:59",16,65
49,JUV6XO,3UK75G,"2018-03-05 18:53:01",45,41
9,DVBSM3,941V4U,"2018-08-02 13:13:55",33,68
40,KVF42F,2KA5N0,"2019-07-08 12:10:57",79,89
35,OVRB7J,ND0WT9,"2019-02-03 21:54:38",98,76
14,2G5H2A,IB2TI7,"2020-11-27 04:18:58",21,46
2,WGWJZA,RV1OUZ,"2018-09-19 09:29:35",61,60
1,QTGSE7,18VT49,"2019-07-10 16:49:29",21,53
25,IJJJHM,9WSF4G,"2018-02-01 04:50:46",63,18
33,JDO7NM,IQQ1P8,"2020-03-13 22:18:42",34,39
26,O1059Z,HFWOPK,"2018-09-14 22:52:58",49,53
48,4T1ODR,FVQI2X,"2019-07-03 00:53:23",30,32
14,IKJDHI,DLH96C,"2020-03-06 22:37:32",79,33
47,NPBRNE,MS1D95,"2018-03-21 16:04:48",99,5
37,X0BBTX,CC5229,"2020-07-16 07:49:56",83,4
17,0HHRQN,EAC1GB,"2019-09-07 00:30:08",17,95
17,G5WWOW,PGHL9O,"2019-02-17 14:01:04",71,68
39,TLB6HU,YPDTAW,"2020-05-30 19:17:36",74,3
47,U56IPQ,VXF5B4,"2018-10-29 21:16:51",88,41
21,JNJSS4,4ND7PV,"2020-02-22 22:48:32",54,63
31,MTN2B0,1O3UV8,"2020-07-22 09:40:02",93,56
15,9DHZT2,F92MO3,"2019-04-11 11:40:38",65,55
47,TRBW35,F4H9GV,"2018-08-02 09:54:53",97,54
41,8U2J9E,TFQJ9M,"2019-10-17 01:29:38",60,30
39,8F1FSF,RE59FV,"2020-02-11 10:45:38",40,85
16,2WDABI,JQP2MZ,"2020-03-27 12:49:40",82,81
31,EQDOIL,LLRW76,"2020-11-24 10:08:48",79,73
32,4WYHS7,BQAYI4,"2020-05-27 22:36:55",98,22
49,PHXP01,SXYR15,"2019-02-06 14:21:03",100,20
44,RBGNMP,QP2MIS,"2020-02-07 11:55:58",87,38
42,I0KX6P,9P3LE0,"2020-05-10 13:39:29",42,52
47,NUJ3DX,L81DWH,"2020-04-09 21:28:45",68,93
35,3M95IG,EPB3HN,"2019-06-03 11:31:43",48,79
32,SDV3Y3,YZ92H3,"2020-05-31 17:32:52",1,10
5,PMJ6UQ,HZLS3A,"2020-09-20 20:08:01",44,98
25,R2W26D,YJW0MX,"2019-04-15 08:01:40",87,22
42,F0Z8YT,866NQV,"2018-12-17 04:04:40",10,12
37,CJZJ2C,38C9LA,"2019-10-30 14:13:00",10,34
42,DIMO7X,Z572FA,"2019-12-13 17:23:17",90,37
12,K1N8YD,60ES60,"2018-06-11 07:10:03",100,82
7,FNFAS7,Q5A6YH,"2020-03-28 22:45:50",19,17
39,8E8MZH,XCGL2J,"2019-07-27 05:08:57",33,49
27,3D78C8,PC7I2U,"2018-09-04 03:07:59",30,2
24,NVPUMR,5ESI0P,"2018-05-21 05:36:22",80,90
32,0BFN1U,P6VH7S,"2019-12-12 09:24:12",14,59
6,4PE6LQ,DV9V8K,"2018-12-22 14:25:09",46,82
27,SW6IV7,XTFSSC,"2019-03-25 16:29:38",16,33
3,JN6IC3,A6KX0I,"2020-06-16 10:22:40",81,19
38,KYUFHZ,89Y16C,"2019-05-23 06:43:02",100,83
45,0PXV5A,9LABIL,"2020-09-24 12:49:48",34,52
33,0TAK1W,KIAEWQ,"2020-05-27 23:39:06",94,94
20,4IW594,273TKD,"2019-07-26 02:33:50",55,5
9,6IQQ3K,1GC70V,"2018-09-17 11:17:16",75,56
31,59C8H0,GQ2YZ0,"2020-01-01 08:17:01",91,25
40,11RLM7,704OCE,"2018-10-24 11:15:34",69,75
32,LUB3M4,II32D5,"2020-02-16 04:29:43",6,13
12,CNQRRG,6FFIDU,"2018-06-09 18:19:26",25,27
6,9JE74L,QSI52T,"2018-12-14 16:47:19",78,34
1,SZUU0G,9J6T0I,"2019-04-04 08:18:04",66,25
14,2F35K6,NX24S7,"2018-03-09 07:18:41",66,17
46,HF0XT6,GYN4C7,"2019-04-05 05:31:56",73,96
9,A4PF2D,U8LE51,"2020-02-28 02:20:53",10,97
24,87NP5T,KDELAV,"2020-08-30 20:05:15",35,32
26,O8YXG3,RCEADA,"2019-10-21 23:27:20",39,79
14,YWTW8M,KXJGO7,"2019-06-29 12:21:22",2,99
28,UN4LLX,OJO1J8,"2018-06-11 14:21:28",15,24
20,9NYH21,IASPSJ,"2019-07-12 20:51:53",30,93
5,A9DSP1,ZGHS5A,"2019-10-21 07:34:22",49,57
37,LB13CT,QP3KFR,"2018-08-20 09:17:21",14,83
16,88B5GE,21QKF1,"2020-08-13 07:21:04",54,58
49,D40DWB,OB9JZO,"2020-05-16 23:15:55",58,40
18,DC1IRK,N50SAI,"2020-04-01 07:32:47",91,28
2,ICTL2O,H0GTQ9,"2020-01-24 20:23:42",86,7
43,GM5CZJ,6B2DLG,"2018-11-15 18:57:27",31,89
4,MVLCTE,LGM7BW,"2019-12-03 14:12:12",37,36
4,2PI6X9,RX6VMZ,"2019-03-31 21:14:22",60,56
26,JQXS8R,WI45ON,"2018-07-02 17:07:39",60,7
19,PNPEGF,YTQD8A,"2019-04-01 12:16:45",53,35
1,8W82B6,AXZ5YQ,"2019-01-29 14:36:07",99,91
3,MRZK2X,WZ3QGE,"2019-11-14 14:16:50",71,75
9,TCZQX6,28UKFA,"2018-11-22 01:47:08",4,28
2,NJ8GZ0,ME0Y7F,"2020-01-29 22:44:33",20,23
23,D4VEN2,H23ELU,"2020-07-15 16:10:04",31,15
10,ZQ5I8C,O0E4IO,"2018-01-25 17:11:05",86,43
34,GY0FSY,IUQG5I,"2019-01-07 04:48:16",4,89
26,T2QOEM,G51LS5,"2018-05-05 01:37:49",39,60
40,3TBEYZ,V08PA7,"2019-05-14 02:18:40",28,56
12,F9LL38,T8KAAC,"2018-10-03 12:29:23",82,64
32,OAWA2S,I760ST,"2019-04-10 14:37:28",1,70
49,XC6MTC,UFPU7W,"2020-06-25 07:42:51",51,36
31,5SPY16,KF1K2E,"2020-02-03 21:09:43",58,58
11,KBS3V1,E654T0,"2018-07-27 08:27:40",80,70
30,5DND5I,DVNX0T,"2019-08-22 10:38:32",14,74
36,4W1UJI,36H8KR,"2019-11-07 09:50:15",41,80
2,T5G48K,8Y9WC1,"2018-03-29 15:31:47",99,7
12,2F3HPB,83PCAU,"2018-09-10 10:49:04",73,69
4,IOJ6IK,BHXUUA,"2019-01-24 04:25:35",86,70
44,EIMLZM,XBHRFS,"2020-11-30 19:37:25",53,49
33,NWX5SS,K2KEUY,"2020-09-17 09:56:21",77,7
33,XVL02K,RVV8JL,"2020-12-27 10:44:44",45,72
30,F9PPD3,UKSHJY,"2018-07-02 04:10:05",10,16
28,K2HR2S,FG4X4A,"2019-02-21 08:37:13",87,66
50,5TLB2F,M36D4M,"2018-08-27 16:41:08",90,25
4,T80HUX,POM7M9,"2020-12-02 14:16:20",67,34
28,GIQSZ4,5OYS6Y,"2020-04-23 06:09:57",41,30
35,I7MNM3,BT4HFZ,"2020-05-16 21:53:02",92,29
6,ZTWS3G,CF8M43,"2018-08-08 07:10:29",51,36
7,BN2YWD,WO1BOZ,"2018-08-24 16:17:42",21,61
45,0PZYJ7,TL2LIZ,"2019-02-25 15:26:38",46,34
49,L4DGAO,V1M9OS,"2021-01-08 12:24:55",11,68
19,UFR2TF,FS5BL4,"2019-10-13 02:05:43",25,91
19,HOMN5F,SQ6UME,"2018-08-17 00:51:58",87,47
21,J2RKFN,5FU9EB,"2018-08-29 04:06:40",38,33
33,QC5DB6,5J26RN,"2020-09-15 12:30:28",87,59
25,WVMHWJ,0ELS55,"2018-09-12 05:26:51",33,38
16,0XTIIJ,QFCSZI,"2019-11-08 14:22:11",16,85
19,YM9UBC,AOUCTU,"2018-11-08 12:46:32",18,13
31,W8POW4,4LZQ1W,"2019-02-02 01:40:13",74,59
50,GX7MH0,HYTPHI,"2020-04-17 09:19:54",77,18
22,J27NGU,S2WQCH,"2018-05-01 02:21:58",51,3
24,DFZ2D9,FMJR99,"2018-04-29 15:13:13",41,39
6,MESARD,AJPDZE,"2018-05-01 16:52:30",58,67
9,RRFCRK,UV2X7A,"2019-06-03 07:40:48",62,39
8,2P3H0T,LGERVJ,"2018-12-16 08:37:26",97,19
1,LKJ34C,67D634,"2019-06-07 17:15:28",87,80
28,CEPEAJ,AFIV22,"2018-06-16 07:15:50",14,20
5,4YO1LG,WYRPGE,"2018-02-10 07:08:02",16,87
7,7NNPD4,MV671A,"2018-03-20 06:55:57",87,93
22,2BFDAQ,ZDYGSI,"2018-02-04 16:43:39",40,60
2,ENEY3G,MBJ8DO,"2019-12-04 19:02:21",15,58
46,86DY28,BDU7S3,"2018-02-23 22:14:39",6,74
4,EO5FE2,S98BR1,"2018-02-12 05:54:38",56,23
37,07LRA4,YZ9RRC,"2020-07-03 06:18:03",11,30
47,QEPNQ1,XHV74D,"2020-12-26 21:13:15",32,95
2,YQOO7D,U93JJN,"2018-05-05 10:37:24",40,66
46,B0U84Z,TH4366,"2020-09-04 03:35:01",95,75
6,65BTGH,9UBUQL,"2020-06-30 18:10:39",37,12
9,4SRXA4,X992JV,"2018-07-29 07:41:21",70,36
26,1H4BOC,ZUJB9N,"2018-02-16 03:46:58",9,34
17,2AGOK8,G2FBAK,"2020-10-23 05:04:01",54,13
41,K547BZ,M1WXR3,"2020-01-29 22:38:20",26,56
6,I6JYPI,ZPI2ZS,"2018-12-06 16:55:40",61,18
11,58SJUW,T4JLMO,"2018-03-09 14:52:40",30,24
47,L2UHDJ,ZYU7FS,"2019-02-16 03:16:35",41,22
38,Q9W64W,X3VQHU,"2020-08-22 21:33:30",19,15
50,SY6HY9,1TNYV7,"2018-02-28 01:31:43",41,93
30,AXVVBC,354JYA,"2019-09-20 10:41:28",22,24
7,7UHA0Y,RGW8N7,"2018-07-01 06:22:43",24,19
15,WHABJW,AUXYND,"2020-05-02 04:54:32",99,34
40,MCJOGP,S6X8XH,"2019-12-15 10:25:32",21,43
5,B3J9DW,ZQPUJ3,"2018-04-11 14:18:31",29,16
25,LGMCY1,3IAF4I,"2018-09-02 13:45:07",42,47
3,ST0BW2,JAD204,"2020-05-19 14:43:01",54,29
20,22CLUG,G4PLXV,"2019-01-07 04:10:17",5,20
16,CR610V,8F9AZW,"2019-11-30 06:51:06",90,89
5,61V57X,WVEOH9,"2018-02-08 07:56:08",61,68
35,KYV94R,LIWIBV,"2018-01-23 23:45:52",62,21
35,SW71I6,96IJMT,"2020-08-01 01:39:16",99,31
32,Q7U2JX,GGL6IT,"2018-11-12 22:13:42",85,19
46,FKE6YE,87PN80,"2020-10-14 08:23:27",50,31
26,I6ZYK3,GO13KF,"2020-08-29 11:34:45",99,96
11,O63KGP,BRJAHP,"2020-01-28 10:21:27",68,62
4,U83WGW,YEG85P,"2020-08-02 01:49:50",5,11
32,KMGZIB,YAI8ZP,"2018-06-24 00:08:00",70,64
15,FK8GH4,K60YUU,"2020-03-16 07:55:58",16,59
24,7ZXCKE,4JK2QH,"2020-06-22 10:48:42",1,41
38,97AVGN,PSK9H3,"2018-02-21 11:37:23",51,43
36,X6FZGS,Q950FU,"2020-06-10 07:24:37",18,86
2,Z5QG7D,RI1HAS,"2019-01-01 21:05:21",58,5
12,EUKIMQ,EDQ7T2,"2020-11-24 22:07:27",80,50
5,DZOU7Z,CJZMD2,"2018-04-30 19:03:03",4,18
45,SUX045,FJPAX3,"2020-06-19 13:22:40",11,51
3,N4UFTF,R54D73,"2019-08-03 19:55:57",72,74
29,3622S2,1TIUYN,"2019-11-07 11:56:17",6,91
5,VE3GGW,YCNOBQ,"2018-11-08 10:22:57",12,45
4,KIXYQB,XDRURK,"2020-10-18 03:11:14",39,33
47,XBC85X,E2L5PV,"2018-02-03 08:11:14",22,83
32,A4IEIX,ZRKZYT,"2020-08-01 23:22:06",40,69
46,L06I28,O7YEBT,"2018-03-09 12:38:09",73,38
38,V4R5JH,ZG1R3E,"2018-05-21 04:11:33",72,52
39,8RKX4D,WXEU6B,"2019-10-09 03:34:10",94,31
47,ORGA8P,K7Q8AU,"2018-10-03 03:27:02",25,18
21,67Z9AI,1VCE87,"2018-05-11 10:56:54",12,28
13,WZEO22,EAEUO7,"2020-12-21 13:48:14",75,37
29,IEVO0K,V7Q6MQ,"2019-05-18 17:38:09",66,74
21,R973RV,HH0LU3,"2019-02-01 16:17:39",25,42
15,L7N60K,TSQX38,"2020-04-30 07:01:56",29,29
45,DWDT78,Z6ZA07,"2020-03-30 03:01:37",12,37
13,VMGKHW,E71A3W,"2018-01-22 18:59:57",90,78
34,QLZI7M,GXNOB8,"2019-12-02 22:17:20",85,29
2,53ACQS,ZB0S6H,"2018-11-03 19:45:45",54,100
8,4MACSS,J5VMSV,"2020-01-30 21:33:16",27,32
14,ECMYJC,NOEE44,"2020-01-02 08:16:53",95,16
15,JMZJV9,A9IKWA,"2018-07-21 08:11:20",30,21
25,O40KA4,ZYK6MD,"2020-02-19 10:25:35",88,79
45,W4VXZD,FBWNFN,"2020-11-05 20:53:19",97,60
27,BEHVDG,EMQCZ6,"2018-08-14 08:29:34",18,70
37,PPCCUR,YXCC8G,"2020-09-16 22:52:36",73,75
13,I4CMNM,BL9C6O,"2018-11-24 13:59:25",14,98
35,61OD80,0S0Z1K,"2020-12-01 19:22:09",47,68
39,8K86VK,HB1LZQ,"2020-09-22 02:06:08",20,73
20,FNOC4M,IWL5JY,"2018-08-27 12:11:04",35,37
9,VK26GH,F2N37E,"2021-01-09 22:24:55",44,48
23,5RJZDW,FU9I8Y,"2018-02-10 04:06:37",58,41
37,VVZVC6,RUKE36,"2019-10-18 02:21:39",72,78
50,1UFZ50,HYQ1YL,"2018-07-05 07:19:13",93,43
6,U08KGE,E33I2K,"2020-08-20 10:33:24",75,78
18,4TMG9W,MFQ8MD,"2020-02-01 18:03:48",34,14
17,HZIZT0,LTVW70,"2018-12-31 04:53:18",16,42
34,WLIZMV,QQE5NL,"2018-04-06 00:15:12",33,1
20,8VEJEF,GTIMYN,"2019-10-12 23:47:50",13,71
14,LA0IHZ,HDYD0W,"2018-09-21 01:59:30",90,66
44,8ZL4N9,U1EBEY,"2020-06-26 00:13:51",58,26
16,APEVYG,9FTQVY,"2020-07-30 20:27:41",14,3
42,WEC0PG,DAPIIV,"2020-12-07 20:51:20",18,19
3,IYJ8L4,J8UMOZ,"2019-06-20 14:50:25",17,99
50,CDTVZR,ZJF384,"2019-11-30 05:17:15",60,41
47,SRHR9I,NJX8HW,"2019-12-27 01:59:11",75,92
33,5MR4EE,TD48UQ,"2019-10-12 07:57:10",67,68
47,BH5RDF,GGDVEL,"2019-01-27 04:51:37",76,41
11,8LHIBX,YDBGGY,"2018-09-24 03:57:10",34,88
27,XJJYY4,NHJIBR,"2019-04-22 11:55:45",91,66
45,T85MKY,CJ86CU,"2020-10-01 09:26:40",40,22
34,8OKNPF,1KNYA9,"2019-04-27 15:46:56",64,40
36,3N4773,630A90,"2019-11-03 05:18:39",74,18
32,HM3QQG,LP3DDL,"2019-10-02 02:56:55",54,8
25,ZRY9UJ,PY2CZN,"2019-07-05 16:06:35",4,63
28,FRHX4M,EBR31B,"2020-12-23 18:50:39",6,22
6,X82AIX,BZ8QXI,"2020-08-05 12:03:06",39,100
43,KWG4Q4,4GTV13,"2020-10-02 00:30:33",60,41
13,SC0OQE,JSR883,"2018-10-20 07:01:56",99,25
24,OMU0G1,IO6SY7,"2020-05-16 08:22:33",85,4
5,PG14X4,5GK8IT,"2020-03-08 06:59:14",45,63
10,6R8DMS,NI7XF5,"2020-08-15 10:01:53",85,29
13,1ADEAL,HRM1BD,"2019-11-13 17:00:19",27,21
7,R5TAV1,2AZDZZ,"2018-05-03 08:39:36",11,4
44,YEBY4L,9TMTOD,"2019-04-30 06:20:52",4,36
46,8LCZLP,IJGNJ1,"2020-10-07 02:31:19",2,68
45,MRO4NC,6E57WX,"2018-12-12 13:31:07",83,100
26,YKL52T,I419QL,"2018-07-17 02:36:38",3,77
38,JJNMOX,KAYAZA,"2020-03-23 13:51:28",7,82
14,LBVTIK,X0DMXG,"2020-09-26 20:05:26",15,100
14,LSVW9A,M9PAM8,"2020-06-27 15:12:33",14,24
38,ZXAZ2D,7B3RSF,"2019-04-11 15:52:05",66,76
3,F6S1Z5,DWM9XM,"2020-11-16 06:33:49",78,52
9,ZLK9KM,GCPZTI,"2018-02-15 21:00:43",46,75
34,HXBFEN,33WPG5,"2018-06-08 04:33:32",89,29
24,9Q8CXA,RCV6UA,"2020-06-17 02:49:20",76,35
27,O5BW3Q,BQ70XA,"2019-05-10 06:28:33",33,55
36,US45NV,P5XKRC,"2018-10-13 17:26:49",41,75
37,6NVE8O,RF7S73,"2020-02-02 18:41:55",48,49
44,TGBI59,4S2O0L,"2019-10-29 16:20:28",78,90
23,GL16FU,VWQODT,"2018-09-29 23:52:06",58,30
14,V5LV7K,P8LNOO,"2018-11-12 19:51:09",82,39
45,UVKTVY,TLRXKW,"2018-06-29 11:19:43",45,57
7,YQJ9PI,3FZGWL,"2019-11-15 15:37:08",78,53
5,6WD7WW,8BM41B,"2020-01-03 21:41:16",80,86
35,WG3YUL,8N6BJG,"2021-01-04 14:57:29",65,2
32,WI0VVT,O1U07T,"2020-02-26 09:24:06",70,13
26,WTC4TM,6P24CU,"2019-09-07 14:36:33",26,30
43,5LZKAH,76PIAB,"2019-06-06 13:19:14",17,2
26,QXC35R,N294DK,"2019-05-21 15:08:47",94,33
19,4JVKMJ,SB2DMC,"2018-07-26 17:50:06",100,45
43,O32TLD,Q4JT0Q,"2018-10-19 02:19:21",15,13
46,KAC3RC,PCG3XL,"2018-09-07 08:54:38",85,7
25,FIG45K,TXCP0C,"2019-01-30 00:54:22",100,43
3,HUL5UB,QOQWQE,"2018-02-14 01:17:51",14,27
19,IFINBE,LE0995,"2020-05-20 02:09:44",53,30
19,GP472T,PA25GE,"2019-11-10 04:10:36",66,52
8,2ZIWET,C3PJXN,"2019-09-23 02:43:48",64,43
34,YP1K90,JBEBOM,"2019-02-24 11:34:08",14,90
41,PJCSHG,Y4NQ0P,"2018-12-05 12:03:13",40,95
31,BQS3UC,PWLU2U,"2019-03-12 04:08:13",23,91
6,5H6FJ5,WUA46T,"2020-10-21 10:34:17",63,2
43,ANGZXA,28LNGH,"2019-06-03 18:09:17",79,49
46,FG0DNY,PZ3I9S,"2019-06-21 00:31:35",87,44
31,BVYCPX,UWXQ7L,"2020-09-09 18:45:29",90,11
34,5HHESQ,C7VAGS,"2020-03-23 01:58:19",13,90
42,2Z2JTJ,L9PU88,"2019-07-12 22:19:51",18,38
20,SVH37G,K51VXF,"2019-01-08 23:52:22",59,61
33,H7OCSQ,A04ET0,"2019-09-11 14:57:25",57,35
23,L62F3F,VGUE3A,"2020-06-01 17:01:15",22,77
38,BGGP4F,SD8VTB,"2020-04-16 21:17:53",69,3
11,B6S1J1,E9HYMK,"2018-05-22 22:50:54",56,98
44,O36SSB,0K9VHL,"2019-08-06 04:27:35",40,4
49,CV6Q9V,IMEIXY,"2020-04-22 12:29:27",2,70
26,XS9RDG,OKDD69,"2018-01-30 12:17:38",86,31
26,JI88GS,63S3L8,"2019-12-01 03:50:39",38,14
45,OENW3V,BP1D9B,"2018-11-06 04:21:37",74,17
32,8124GO,K3XEWO,"2019-02-17 05:10:02",31,21
42,0BFO7M,O6UQWT,"2020-09-13 16:07:02",60,28
50,34I0N6,PTP8SB,"2020-12-02 20:54:35",6,52
22,4TH99P,RQS6S2,"2020-11-26 21:27:45",50,92
33,TCGSLX,AMU3YI,"2018-10-06 18:42:30",44,14
15,UQN5CF,IYAT7Q,"2018-09-14 02:09:00",36,30
15,6YO7UZ,9EEA9J,"2018-09-05 18:30:55",80,59
1,O8SZCY,NGHYMF,"2020-01-08 16:13:41",72,19
21,HERDL4,D58XHU,"2020-08-18 13:14:46",4,52
50,6JDNZU,XQ9K1W,"2021-01-13 23:51:32",40,27
41,6CQPY6,PJJTGX,"2019-04-25 04:32:21",64,74
12,Z9OVV4,0I202K,"2018-04-24 06:25:51",89,71
39,ADLLQK,3WLKSO,"2018-07-05 17:04:54",96,79
7,CVNN5R,COCJAQ,"2018-09-26 19:09:31",22,78
37,ZMPCGM,50RXSH,"2019-06-01 04:31:08",4,29
27,57OZ04,TDQRR9,"2019-03-15 12:38:11",39,63
5,VPECXC,95BXUV,"2019-11-02 23:09:42",98,84
16,BC2WBG,Q1IR0M,"2018-07-04 08:23:55",23,66
45,2BMSQQ,RBGW8M,"2018-07-06 13:33:06",5,64
38,F9T5SV,XCPI7T,"2019-09-24 20:24:52",56,16
17,V6YE6D,FU7QNL,"2019-02-09 11:22:06",17,70
39,9QF9SS,YXWBOZ,"2019-01-15 23:44:25",60,71
29,TITRO8,B402YW,"2021-01-21 04:17:04",15,96
48,NB5V1M,48JSN3,"2020-05-02 19:33:31",66,95
28,M7VO9I,SSIV9T,"2020-07-18 20:45:13",44,62
50,2UJT6W,3C2HN7,"2020-05-24 14:49:16",45,36
43,C86MEU,KSVPFE,"2019-12-02 09:59:59",15,82
39,V1HZIJ,SJNYAA,"2019-10-31 19:31:12",82,90
28,NOZ942,I4Y1JL,"2020-02-19 08:41:31",82,98
17,PC45ZJ,IOC1PE,"2020-01-16 21:44:04",65,23
35,Y4HS6N,D7JQ49,"2019-03-31 20:06:57",64,56
10,1HNT0B,G8DC8N,"2019-11-12 21:00:38",27,31
27,7GW567,UXAGKS,"2019-06-14 21:30:35",48,17
3,Z7MYJ8,LAQZ8E,"2019-03-06 17:38:58",14,94
31,VLH9DN,SFNM66,"2019-10-20 14:22:24",1,88
21,U8POC3,GB36FN,"2020-06-11 14:22:33",26,92
22,4A4ZGT,0CAELP,"2019-07-14 07:09:17",40,2
7,CGQDEG,09F5OR,"2019-07-26 05:53:35",61,11
36,IQTKNF,8ZX8FZ,"2019-08-30 04:59:38",100,100
41,MZCPGB,GXVS78,"2020-12-02 07:14:31",36,64
28,UJUG85,01BTP3,"2020-09-13 14:09:41",75,4
22,3L8IBH,OO2R7I,"2019-01-25 01:32:17",24,6
35,YL6VSG,LLM9GH,"2018-09-05 15:03:16",50,28
27,5EPLCC,A2J3EK,"2019-01-26 03:15:51",94,91
42,Y5BQ1B,G660QG,"2018-11-29 15:07:00",67,81
6,4YFOF0,83QM8O,"2018-04-10 06:28:15",70,36
14,QA2I6M,LQSDTN,"2019-05-12 17:30:34",28,84
29,9R7RN3,0HG9JR,"2019-05-22 20:43:28",24,53
23,GX31O2,N19ZPU,"2018-08-17 19:21:37",58,56
50,KYF5NB,P0AFOK,"2019-05-28 19:52:20",52,22
30,GHORP8,03DTEL,"2019-09-13 12:31:10",86,77
39,ZWJAVV,H8CCC6,"2020-12-24 03:47:25",43,30
24,2VAXAS,DAZ07Y,"2018-08-22 04:16:19",2,43
17,486F3I,OJD1KB,"2020-12-06 06:13:43",27,29
4,SC2U4K,0K60QS,"2019-05-07 07:35:03",53,98
49,32Z8TX,JY6N8P,"2020-12-08 07:37:38",53,36
1,35ZT2Y,ANA1BY,"2020-04-05 18:16:58",45,79
50,470ZRJ,EPGRGG,"2019-03-10 19:34:05",94,48
22,O8WA8C,I1F8DI,"2018-09-09 08:53:21",33,99
45,2SYH80,SVMIJM,"2019-06-21 06:19:39",54,51
50,0D2R9B,JURD16,"2019-08-14 05:37:00",61,17
45,6VXIBB,KTM9IU,"2019-06-03 15:26:59",100,60
33,P8XUFA,FUOH87,"2018-05-21 16:46:28",54,94
34,8FRZJ4,F1BJI1,"2018-03-29 18:45:00",64,91
7,E48IGU,7JF6D7,"2019-03-26 19:54:32",15,62
27,FWH8BQ,7AFLW1,"2019-03-30 16:07:46",49,42
8,HN6DOM,5TF9XQ,"2019-05-31 21:26:41",90,29
30,AIW3FE,2IKPJE,"2018-05-26 23:31:30",73,42
33,WK5P5C,GU6HJQ,"2018-03-27 12:55:36",14,50
31,V9Q66J,LDBZLE,"2019-12-13 07:22:45",3,65
47,0U37OD,PNVHXP,"2019-11-15 01:43:00",42,90
11,3N9HW5,2UGU18,"2019-02-10 02:17:00",25,95
8,RIGBLP,HGPAL9,"2020-10-25 12:29:22",58,89
50,BPFAN5,OMELYG,"2019-09-25 06:13:53",46,11
2,DFY27V,8XBMM7,"2019-12-18 05:43:03",16,88
2,YIAUXH,TUJUB5,"2019-05-29 08:58:10",41,97
8,IG6IGT,MHDG48,"2018-11-17 09:45:40",51,3
34,O9YZ30,93BYKT,"2020-09-08 12:49:20",19,93
2,1QX2NG,SS0LCV,"2019-09-17 21:50:08",1,91
21,0YMSBU,CS3IQV,"2019-01-04 12:17:50",66,69
29,NUKQZS,FZDZKV,"2020-01-27 13:00:31",11,13
2,BP8PY0,CZESW9,"2019-01-24 18:32:28",13,23
1,NZIUTI,JMWVFO,"2019-12-29 15:57:07",26,24
43,E43S4W,LGF815,"2019-01-17 13:17:04",56,43
6,TQ9X66,8GN53U,"2019-02-18 23:00:08",12,92
20,3C5BRR,ZU7YCR,"2020-07-13 05:32:34",1,43
28,9A08CW,EMDVL3,"2018-06-11 00:20:50",66,33
2,DQ2FME,P1COLN,"2020-02-16 14:22:43",20,41
39,TOI8NY,BMKT8B,"2019-06-10 21:10:23",47,35
5,X2A4EC,T3SVTH,"2018-01-22 13:20:41",10,8
21,FSMSRI,JL4D5G,"2019-02-13 19:59:49",69,25
46,JJ4JL7,94BSB3,"2020-07-12 03:45:37",42,58
39,7BYAKW,6HC6Z5,"2020-09-04 05:39:12",80,57
36,PMVPDU,CNP2EQ,"2019-03-16 03:31:23",81,42
28,5DQAJ7,CPGT06,"2019-05-18 21:20:14",42,10
9,I76LSB,V6YEI3,"2020-11-13 00:25:43",13,17
30,5ZPUOI,09ZOC2,"2019-06-04 10:31:59",63,59
19,0H9BCT,370YHM,"2019-05-08 21:35:58",82,44
2,ZO3IPX,QCOQFN,"2020-02-14 06:53:26",3,5
12,FVY2RP,ALIZP4,"2018-01-21 21:45:23",90,25
14,G9UWMF,9AWTQV,"2018-02-02 20:44:55",10,83
34,1QN29Q,0BE5XW,"2019-07-26 10:49:03",52,47
42,7T6HJE,W0IYZF,"2018-06-06 13:33:21",45,94
1,PHHON1,9VQNI2,"2019-05-21 10:09:52",47,17
14,DV7N3I,D3LS9A,"2018-12-06 15:34:39",92,44
17,6MDTT3,QHCG84,"2019-06-02 08:10:56",72,88
38,3N4KYO,6THDFF,"2019-08-06 19:30:38",46,54
39,XNLI4X,J7Z1C7,"2018-05-11 08:08:38",79,56
38,59H90Q,8R28WU,"2020-01-11 02:17:53",81,100
47,0QXJXO,AS0GTV,"2019-01-31 18:47:42",46,81
10,IH77DO,O609FZ,"2020-12-02 15:32:16",26,61
2,8ZBE6I,P3JCMO,"2018-11-06 10:55:34",9,69
24,2NAD6F,S8VKBF,"2020-02-02 03:16:08",54,26
14,3NH7II,TWSEV0,"2018-11-26 14:31:02",87,51
30,PGGTHB,ZYC2WD,"2018-04-14 14:17:17",65,38
35,QDSS60,KEWLJO,"2020-11-26 10:16:32",21,99
36,WTST3M,UKQP12,"2020-10-22 22:40:10",19,17
32,PH3SMI,KFFIZ1,"2020-02-28 09:03:59",53,56
30,53EOJP,XJ4GRY,"2019-11-24 17:42:23",8,97
20,5KK843,6UYXCK,"2018-07-17 23:32:32",40,83
4,8RY6TR,XQ1HYC,"2019-12-18 06:20:20",39,9
29,FATK9D,2DE6WI,"2019-08-27 07:07:03",24,82
48,JNVICL,U9GM1U,"2020-05-14 15:59:30",33,91
21,CX4ZNS,2CJTG8,"2020-08-02 12:41:17",29,38
10,QTCYNR,C7EJXP,"2018-10-30 08:17:02",1,86
35,PGJCRV,1K0WNR,"2018-10-27 20:22:29",23,13
11,7UJJTK,Z20Q6R,"2019-07-08 12:50:40",80,86
29,J8HV0H,9L4YOZ,"2020-03-25 17:16:24",95,8
50,FNCLOJ,EQ6KFP,"2020-03-08 14:20:52",91,45
5,50Q07P,PEGKBB,"2018-11-12 09:47:46",20,94
20,HT879Z,V529OO,"2020-10-02 09:45:21",5,41
42,97L2M0,A8ELYF,"2021-01-14 04:43:37",57,36
26,QDDF38,RTE9HI,"2020-09-15 11:15:42",39,38
20,4PINZS,QC6HR5,"2018-03-16 04:09:21",54,28
14,C3M0AH,3TAKC8,"2020-01-07 12:30:23",48,97
45,J7P4R9,1N5TK8,"2020-07-14 14:40:56",28,76
36,EFAW70,NCCT8J,"2020-07-14 12:09:52",40,27
21,MAWHSI,85HTU2,"2018-07-15 12:57:55",93,89
16,I0VUJF,01HCXV,"2020-01-08 03:02:24",7,47
29,HSWO6O,46ONCW,"2020-03-15 15:38:20",61,40
2,4893H5,Q3OJBA,"2018-02-21 00:05:12",86,30
25,ZASB96,1RIB13,"2019-04-19 10:46:14",46,92
32,6J1G0J,89VM92,"2018-09-28 17:24:06",61,15
25,FR6ZGQ,JDVVOQ,"2018-02-01 22:49:40",66,94
40,6YYLBK,KG8J0L,"2019-05-13 12:14:08",68,3
41,8VDGMH,Q1EBHD,"2019-04-03 19:02:11",29,91
38,UFQ30U,3ILV7M,"2019-01-16 21:21:00",79,16
26,CF1BIJ,WRITP8,"2019-01-27 10:59:49",17,42
29,SFOEXP,3ATUE2,"2018-05-22 20:05:43",5,29
45,QNMD4P,PT04G2,"2019-03-22 20:42:20",35,43
7,1OID32,8HAMJQ,"2018-06-23 04:23:55",38,8
15,Z3XW9F,35XC43,"2020-05-09 10:04:38",18,98
33,BDJMX7,0SVI8J,"2020-12-22 19:07:55",48,1
25,1LEKP1,80Z8L4,"2019-11-22 07:13:43",9,25
42,BA0ICR,7XXJEW,"2019-11-13 04:22:44",17,49
23,VULG1Q,T6V4KM,"2019-02-06 05:46:39",54,54
42,98FX5A,7QKA86,"2019-05-04 06:35:15",17,84
12,BS5OUJ,VBC480,"2018-07-03 22:20:48",40,64
1,ZNRWN1,PLHOZU,"2020-09-03 09:21:57",23,85
26,1RKISO,JNYXAV,"2019-01-04 11:03:25",43,6
21,V9JK0G,8K1FRD,"2018-11-11 10:55:13",34,13
18,H68LVS,96GJ6N,"2020-12-12 07:17:53",55,55
5,S1VEQ9,A6SX6E,"2019-01-02 22:44:28",49,13
40,W77IVS,IB1RQ7,"2018-11-22 22:08:42",22,6
37,ZREXB3,4D8D38,"2019-03-10 09:42:24",31,60
37,KJNSHW,NW5DRW,"2019-06-26 18:22:28",83,84
3,FUX3LZ,7M3R41,"2020-09-08 20:30:51",49,73
41,W0E4NX,R3K7G2,"2019-01-24 05:26:24",9,10
44,9EO6YO,9KRMVZ,"2018-05-08 12:17:11",79,40
7,E7Y8Z6,DP2FLQ,"2019-03-05 18:35:53",9,40
10,QQV7B6,3JOJAB,"2019-08-14 22:13:01",91,63
2,BAP26N,HW3Z4T,"2019-09-17 20:46:33",53,53
44,7FDXBS,3QL5KN,"2021-01-16 05:16:01",79,47
27,GRJPCO,ZYRL1G,"2018-03-19 02:12:37",20,66
3,T3X69C,0XQYRZ,"2020-11-01 15:39:34",32,57
36,N48DPK,KO7QVU,"2020-06-21 23:03:10",36,30
31,PHYATJ,8WQ1HW,"2020-10-23 13:24:17",41,44
16,EYMM13,COI1ZN,"2019-10-05 20:16:43",53,97
13,ACORFX,JBBEKS,"2018-09-15 09:54:31",94,67
46,9BVJ98,WHO0DH,"2020-10-19 17:05:37",94,23
1,K384XH,33W3YB,"2018-08-29 23:48:46",67,74
40,BMCTL7,8Y2L7Q,"2018-05-24 07:58:15",36,50
49,IOK9QQ,CK30XU,"2019-06-05 11:58:10",66,57
45,BCI4VQ,X09DZQ,"2019-09-04 17:36:02",36,97
25,22VCJ8,NVEC29,"2020-08-11 19:48:54",18,15
19,BWIZSH,T3V9S1,"2019-03-07 00:23:53",49,4
22,YZJ8NC,UFSB05,"2020-05-22 22:45:31",9,28
20,LHKDGY,WR12FV,"2020-11-14 01:19:07",69,53
41,92FKTJ,1GXK6N,"2020-09-01 04:48:29",51,67
38,NZQYHG,RDOF6B,"2018-04-30 14:55:18",50,29
30,7K8605,YYAJEB,"2019-01-25 22:55:40",60,63
3,FK3G15,XCCL9Y,"2019-05-20 07:43:56",53,67
38,3Z9W5K,8A0KYJ,"2019-10-26 23:43:21",33,31
46,97T9SP,03DJSZ,"2020-12-06 14:50:36",58,75
15,6ZYAPB,5ZXH47,"2020-02-26 21:17:18",70,68
3,PLAWU4,97QVEA,"2019-07-03 09:04:08",38,81
19,MLJYO2,R3TJSN,"2020-11-18 23:23:10",51,91
45,EC4BKK,1NQ0AR,"2018-06-02 05:33:26",90,90
3,8AI94W,L3EXGE,"2018-12-18 03:39:51",48,26
48,OMWL3F,WZJTJ1,"2018-11-17 06:12:18",21,51
20,DUYC1H,HDUISX,"2019-02-24 21:17:14",14,58
16,0WAS6W,CGM54L,"2020-01-11 03:33:09",60,29
23,MF0S42,I8BL6P,"2020-05-26 02:43:31",87,69
24,NJFAP1,JPAUKV,"2018-09-30 07:11:47",48,79
17,IQKY2G,EX45HQ,"2018-11-16 07:42:08",70,31
35,7OQNAD,XDIZSL,"2018-10-03 09:03:07",94,54
4,QFP68V,DK4KCE,"2018-08-10 23:08:22",83,3
18,433JEZ,723QB0,"2018-11-08 10:32:54",18,13
12,7YXIO9,PGXI4O,"2020-06-16 08:25:48",27,76
20,BO08HZ,TMS5ST,"2018-10-07 11:55:37",19,87
44,NMLKWV,8SKXHI,"2019-11-20 05:39:43",11,33
42,MIK5BE,4FKXY4,"2019-10-12 09:38:01",5,31
19,ACH227,UWNGPB,"2019-04-30 05:09:56",98,92
39,1DMRG0,MMYFBW,"2020-11-04 21:15:52",14,74
5,91K7D0,3CVVR7,"2020-01-02 21:53:23",9,92
46,ZT229Y,37I1OR,"2018-08-31 13:17:37",40,22
6,HTXPRQ,8M8A30,"2018-08-06 15:48:02",55,44
27,XKWYTL,THVFAN,"2020-11-10 21:17:27",70,48
13,S8LEZL,4XIT5M,"2018-05-20 21:30:40",94,56
13,NAJULP,XYD1BW,"2018-05-05 23:58:08",53,6
27,2WZ6KX,5SJGFO,"2020-01-26 13:37:19",82,99
31,9OT3JA,A6K35F,"2019-12-23 01:50:44",77,89
11,SZDJ89,DX9HF6,"2019-04-16 11:09:34",38,13
31,MK8O3F,5JCC3V,"2018-07-20 22:11:42",6,12
12,FNU5P7,4IYO8F,"2020-12-21 03:57:01",80,8
31,E68DNX,GEABBR,"2018-07-18 04:45:03",39,35
46,7OQYQ0,1SVDNT,"2020-08-02 18:32:39",80,20
47,LAXQ1T,W188CM,"2020-05-23 05:45:57",14,6
28,TIW8QS,5D1HM2,"2018-06-05 03:33:38",90,15
8,P3TESB,YQ36UO,"2020-03-01 00:44:23",93,87
17,F0PJOF,8PUNOT,"2019-09-01 02:16:49",28,96
35,W6D5K8,ZVY4PS,"2019-04-29 08:29:26",40,46
31,WFUUO4,JGJJ45,"2018-09-10 07:26:47",6,56
4,6PG0P1,ZWWGF7,"2020-01-17 13:06:32",30,67
8,M2KY8W,3ZOHJG,"2020-11-24 12:19:10",69,53
26,04AMD4,25CYN2,"2018-08-02 09:59:21",76,96
29,684ZTI,MIC3CD,"2018-06-15 09:09:25",91,5
10,6DW97P,71K3WK,"2019-07-23 17:55:57",49,11
15,B1KYJW,EL9B9D,"2018-05-14 10:12:34",44,46
50,LH486S,B4JC48,"2018-04-28 15:19:55",52,90
35,028SUH,4I6HRI,"2019-06-19 22:49:03",39,41
33,V0E319,S36FV4,"2019-09-13 06:07:19",63,56
11,DDM0NJ,QD0BT5,"2019-07-27 07:14:50",80,98
50,N5EPQU,HQRCTP,"2018-10-26 19:00:14",99,15
48,R6SR32,HL3YGK,"2019-03-10 19:56:37",10,12
38,ZPDUG5,UIJ542,"2020-02-20 22:05:29",94,52
6,HV7TFQ,GJXF9A,"2020-08-23 17:19:40",83,18
23,JZWY35,AY1HH7,"2020-07-21 17:36:06",98,1
39,JSODS7,3EW22H,"2020-07-29 21:27:32",21,14
19,QY9A0A,W7B9Y4,"2019-12-19 10:56:19",81,71
35,KRN0DW,N0HGJ6,"2019-06-26 10:54:20",76,89
6,GLENHO,XA8HO5,"2020-02-06 03:40:08",34,64
29,CH3RQL,HDU4ZZ,"2019-04-06 08:24:58",87,36
44,UP8FS3,6RIMWW,"2020-03-30 20:42:43",33,17
45,L487N5,8M7FIU,"2018-09-18 03:25:45",100,44
26,SPFX2O,ELFBB7,"2019-02-20 11:52:39",57,62
34,DWQLX2,9BW6X0,"2019-12-29 15:15:10",29,51
7,FXI2B8,6SGSNS,"2020-05-18 14:37:30",9,97
31,UGFFG7,S59DXG,"2020-12-22 14:44:38",95,89
49,CS17GN,CZ936I,"2020-05-03 08:40:19",28,42
29,K2RFRP,8QJZFL,"2018-06-27 23:53:15",72,5
6,8C475N,XT8Z0V,"2018-03-09 04:26:54",93,94
41,22K35F,INZCGM,"2019-08-29 18:11:35",88,89
36,D8D61A,YFP20I,"2020-07-08 11:57:47",76,84
1,Q5DM5U,D0RN5W,"2018-07-29 23:19:21",55,80
26,PNPH7G,5BZHG1,"2020-09-30 22:50:38",49,7
49,EMCDNE,H7K06K,"2020-11-29 09:30:14",73,58
40,HKCC0J,B7R177,"2018-06-08 00:31:20",52,69
30,Y4797K,0V5RT4,"2019-01-02 15:50:52",5,80
16,UXGHM4,RZ4W9E,"2018-04-01 13:49:18",18,38
29,VGD50Z,UMZBN3,"2019-10-11 21:21:46",22,43
12,QJ5NVY,O9PTTH,"2020-07-26 15:05:47",63,29
8,IVN2D4,6IHQNN,"2019-11-12 20:43:11",41,15
21,GNZV16,CMJN98,"2019-11-18 13:20:08",19,54
18,1DP855,EZGFYY,"2019-05-24 05:59:51",73,42
7,QUZ0CP,W6RR9W,"2020-03-10 18:50:56",60,46
9,S16GHM,8PALDK,"2018-09-03 18:36:43",15,95
39,A6NE87,3PA688,"2019-06-18 00:33:44",33,24
43,36ZK4E,TSM06V,"2020-05-30 17:13:28",50,16
9,E5SFP4,5UH9GJ,"2019-03-14 05:51:22",69,67
27,OCPTMC,X7QTLF,"2020-12-29 17:44:20",41,59
10,UTJBXS,PTZFX3,"2020-08-17 13:30:09",33,58
44,UXX9OI,7TKGEQ,"2020-07-18 20:22:50",100,53
17,24QAW7,454BMN,"2020-02-20 10:44:29",63,37
10,JT466V,PAHSWD,"2019-10-11 06:54:52",41,41
30,AX9F9O,N5I1FJ,"2019-12-15 00:44:01",11,91
9,JHRKI8,SKCQUN,"2020-01-30 06:04:26",87,81
47,AVPKCN,H9UHDU,"2019-03-12 01:27:25",9,6
37,20PXHC,UJ647T,"2019-06-20 09:40:28",15,41
37,Q3H2V6,GX4US6,"2018-06-14 10:26:25",21,50
2,5Q9019,MXPDBT,"2020-06-15 15:46:40",64,92
37,9X2WXQ,BFLAOK,"2018-09-06 10:13:37",46,33
43,2CTF51,IU6W8L,"2019-07-26 16:46:38",83,56
43,Y0X1YH,IMYEQO,"2019-05-17 01:31:44",5,62
14,J24LWW,3GEI68,"2020-08-17 13:55:45",52,81
12,NVWCRK,L2ZLEI,"2018-02-16 05:37:29",88,71
9,BHA749,52JUZI,"2020-05-27 18:44:09",6,18
29,HDW2OC,KOJCMU,"2018-10-03 11:22:34",9,87
6,5VEOWK,QGHJTE,"2019-02-10 00:19:02",30,16
41,EG65DW,F92HH4,"2020-01-28 12:24:08",11,64
17,V6AMQF,LSRZ8O,"2020-10-28 00:34:38",93,7
44,W8PSGP,XRA0TK,"2020-05-06 13:57:24",41,94
17,QBRGHE,K5TE2D,"2020-10-08 01:27:48",8,92
43,S5X17J,MKVKPA,"2020-05-11 10:28:09",91,83
35,IW1U8D,U8KBJS,"2019-10-11 20:15:01",62,47
14,J3K7XL,QIPFU6,"2019-01-09 13:48:35",37,70
48,DNBTMD,W6R9EG,"2019-04-13 06:04:37",56,1
41,U3P4N5,9OUZE3,"2020-09-20 14:45:05",35,65
46,AJ718Q,DGYUPC,"2018-02-23 08:10:14",15,82
27,04SE3E,8N5DNN,"2021-01-09 23:46:08",74,91
6,L5G5VJ,SNMOLY,"2020-11-08 12:19:28",43,98
6,UQEXDM,4DL4B8,"2020-12-31 11:26:01",26,18
7,06FEJC,IWI3ZM,"2018-05-27 01:02:41",86,69
9,IH8EFN,C9EISI,"2018-07-29 00:41:26",22,55
48,D239W5,TM0VMB,"2020-08-15 18:46:24",98,27
1,O5A668,5YO7QW,"2019-12-16 13:09:38",38,37
42,SIQ8LF,D74R80,"2020-03-25 16:01:19",91,80
9,OWD6A0,4JAORF,"2018-04-24 00:50:30",16,33
11,0DL9KK,7X6VR2,"2018-06-25 14:06:20",38,45
43,EI1O5U,BR02IN,"2018-06-14 14:39:51",10,93
15,WDMMPS,UGBYSG,"2018-05-14 09:13:20",66,95
31,P6X79W,VS0N9Z,"2018-11-23 16:33:18",61,61
40,814TNB,P16N3Y,"2018-07-12 18:28:12",51,73
4,N3NWND,MB6DY9,"2018-11-25 17:53:07",64,1
40,5MKI31,WK9P18,"2019-02-20 20:28:16",82,74
19,VLHFEN,74BZVD,"2019-12-20 19:35:44",6,4
27,Q22IXK,7TNBK7,"2020-08-24 21:45:35",24,26
35,ZSC60Y,XMADP5,"2020-07-24 02:20:37",62,84
34,EXB972,7B5A0D,"2019-03-20 17:13:02",1,52
43,6D0WE7,QGELVI,"2020-07-19 01:58:03",54,30
9,FPIHRP,8AFCV8,"2019-01-27 16:30:46",16,56
37,98S879,0CJVJN,"2019-03-20 10:43:11",6,54
45,72JYKT,T9WVGV,"2018-08-04 05:09:16",37,65
4,23MZR6,206W1A,"2019-03-25 07:36:44",50,21
43,KK6HCW,OWGZVA,"2019-07-01 22:56:17",84,34
36,OPQ3WD,6AXNHZ,"2019-01-12 02:49:22",57,22
45,0N3Q0Q,NHS8PQ,"2021-01-05 11:59:34",23,37
18,OFW78V,NNCKRS,"2019-05-21 03:38:03",12,83
27,DPV6CG,W4ZBDM,"2020-02-11 15:16:26",69,68
42,J7QEV2,JMHDJM,"2018-05-14 20:37:03",90,26
49,JG85GI,YVPZDS,"2018-08-04 11:30:37",28,74
19,VS68RD,V63PNL,"2018-11-30 16:43:59",39,77
17,AM6VOW,8VNSBX,"2020-01-11 05:49:53",78,99
29,KJKALJ,ZQROJI,"2018-05-13 10:06:51",20,51
15,7WMGQJ,IWF4YZ,"2019-03-22 03:01:21",28,26
1,19CRCD,31OYNE,"2019-02-26 10:49:11",52,43
